mu1,n,status,robust_detection,successful_estimates,envelope_pass_estimates,theory_m_lambda,theory_N_lambda,digitized_median_m_lambda,digitized_median_N_lambda
10.0,0,ROBUST_MATCH,True,9,9,0.9838450147121393,0.9837434208391374,0.9858235151214738,1.0049130513809001
10.0,1,ROBUST_MATCH,True,9,9,10.098987901343172,0.13928694356974036,10.13398172589371,0.14370659547268352
10.0,2,ROBUST_MATCH,True,9,9,20.04987155012431,0.0704386022062913,20.534258609291967,0.07345104891234006
10.0,5,ROBUST_MISMATCH,True,9,0,50.01999174363085,0.028266761058919412,51.72049351356622,0.029616462272884878
10.0,10,ROBUST_MISMATCH,True,9,0,100.00999896731601,0.014139945099144981,103.81998821908842,0.014823485139624845
1.0,0,ROBUST_MATCH,True,9,9,0.4542878768870341,0.42493634649988554,0.455261280905985,0.41472776250346316
1.0,1,ROBUST_MATCH,True,9,9,1.369174341813825,0.396148467059188,1.3717383362271134,0.38632743407435594
1.0,2,ROBUST_MATCH,True,9,9,2.298914227171885,0.35185744529488033,2.307210160431277,0.3434594438201985
1.0,5,ROBUST_MATCH,True,9,9,5.173706008687665,0.23051990474026904,5.190265963191515,0.22560196717167177
1.0,10,ROBUST_MATCH,True,9,9,10.096025768704608,0.13315629944940371,10.137882143913851,0.13029612927515463
0.1,0,ROBUST_MATCH,True,6,6,0.04994939072873661,0.04499297103310145,0.049986730196894105,0.0448831977418398
0.1,1,ROBUST_MATCH,True,6,6,0.14984817320864247,0.044992516549907574,0.15013102917847262,0.0448856917310977
0.1,5,ROBUST_MATCH,True,6,6,0.5494433542403641,0.04498615522965678,0.5505919498688634,0.04488533145204951
0.1,10,ROBUST_MATCH,True,6,6,1.0489375986827427,0.0449679948725538,1.1507983624204845,0.044877782679567935
0.1,20,INSUFFICIENT_GRAPHICAL_SUPPORT,False,0,,,,,
